epoch,loss
0,0.16314709186553955
1,230.04946905374527
